{
  "name" : "Annotation - Project",
  "slug" : null,
  "description" : null,
  "mode" : "ANNOTATION",
  "version" : 1,
  "source_documents" : [ {
    "name" : "data-001.txt",
    "format" : "text",
    "state" : "ANNOTATION_IN_PROGRESS",
    "timestamp" : null,
    "created" : 1729887694767,
    "updated" : 1729887699436
  }, {
    "name" : "data-002.txt",
    "format" : "text",
    "state" : "ANNOTATION_IN_PROGRESS",
    "timestamp" : null,
    "created" : 1729711586150,
    "updated" : 1729711745594
  }, {
    "name" : "data-003.txt",
    "format" : "text",
    "state" : "ANNOTATION_IN_PROGRESS",
    "timestamp" : null,
    "created" : 1729713606954,
    "updated" : 1729713617551
  }, {
    "name" : "data-004.txt",
    "format" : "text",
    "state" : "ANNOTATION_IN_PROGRESS",
    "timestamp" : null,
    "created" : 1729716232768,
    "updated" : 1729716240925
  }, {
    "name" : "data-005.txt",
    "format" : "text",
    "state" : "ANNOTATION_IN_PROGRESS",
    "timestamp" : null,
    "created" : 1729717467009,
    "updated" : 1729717472541
  }, {
    "name" : "data-006.txt",
    "format" : "text",
    "state" : "ANNOTATION_IN_PROGRESS",
    "timestamp" : null,
    "created" : 1729883770358,
    "updated" : 1729883787239
  }, {
    "name" : "data-007.txt",
    "format" : "text",
    "state" : "ANNOTATION_IN_PROGRESS",
    "timestamp" : null,
    "created" : 1729884494807,
    "updated" : 1729884502455
  }, {
    "name" : "data-008.txt",
    "format" : "text",
    "state" : "ANNOTATION_IN_PROGRESS",
    "timestamp" : null,
    "created" : 1729886281737,
    "updated" : 1729886291003
  }, {
    "name" : "data-009.txt",
    "format" : "text",
    "state" : "ANNOTATION_IN_PROGRESS",
    "timestamp" : null,
    "created" : 1729886793878,
    "updated" : 1729886799471
  }, {
    "name" : "data-010.txt",
    "format" : "text",
    "state" : "ANNOTATION_IN_PROGRESS",
    "timestamp" : null,
    "created" : 1729887116487,
    "updated" : 1729887129955
  }, {
    "name" : "data.txt",
    "format" : "text",
    "state" : "ANNOTATION_IN_PROGRESS",
    "timestamp" : null,
    "created" : 1729711295625,
    "updated" : 1729711321552
  } ],
  "annotation_documents" : [ {
    "name" : "data.txt",
    "user" : "admin",
    "state" : "IN_PROGRESS",
    "timestamp" : 1729711321525,
    "annotatorState" : "IN_PROGRESS",
    "annotatorComment" : null,
    "sentence_accessed" : 0,
    "created" : 1729711321466,
    "updated" : 1729711321529
  }, {
    "name" : "data-002.txt",
    "user" : "admin",
    "state" : "IN_PROGRESS",
    "timestamp" : 1729712990988,
    "annotatorState" : "IN_PROGRESS",
    "annotatorComment" : null,
    "sentence_accessed" : 0,
    "created" : 1729711729347,
    "updated" : 1729712990989
  }, {
    "name" : "data-003.txt",
    "user" : "admin",
    "state" : "IN_PROGRESS",
    "timestamp" : 1729715867606,
    "annotatorState" : "IN_PROGRESS",
    "annotatorComment" : null,
    "sentence_accessed" : 0,
    "created" : 1729713617516,
    "updated" : 1729715867607
  }, {
    "name" : "data-004.txt",
    "user" : "admin",
    "state" : "IN_PROGRESS",
    "timestamp" : 1729716607353,
    "annotatorState" : "IN_PROGRESS",
    "annotatorComment" : null,
    "sentence_accessed" : 0,
    "created" : 1729716240883,
    "updated" : 1729716607354
  }, {
    "name" : "data-005.txt",
    "user" : "admin",
    "state" : "IN_PROGRESS",
    "timestamp" : 1729717730747,
    "annotatorState" : "IN_PROGRESS",
    "annotatorComment" : null,
    "sentence_accessed" : 0,
    "created" : 1729717472507,
    "updated" : 1729717730748
  }, {
    "name" : "data-006.txt",
    "user" : "admin",
    "state" : "IN_PROGRESS",
    "timestamp" : 1729884324231,
    "annotatorState" : "IN_PROGRESS",
    "annotatorComment" : null,
    "sentence_accessed" : 0,
    "created" : 1729883786878,
    "updated" : 1729884324232
  }, {
    "name" : "data-007.txt",
    "user" : "admin",
    "state" : "IN_PROGRESS",
    "timestamp" : 1729884811655,
    "annotatorState" : "IN_PROGRESS",
    "annotatorComment" : null,
    "sentence_accessed" : 0,
    "created" : 1729884502408,
    "updated" : 1729884811656
  }, {
    "name" : "data-008.txt",
    "user" : "admin",
    "state" : "IN_PROGRESS",
    "timestamp" : 1729886694766,
    "annotatorState" : "IN_PROGRESS",
    "annotatorComment" : null,
    "sentence_accessed" : 0,
    "created" : 1729886290961,
    "updated" : 1729886694767
  }, {
    "name" : "data-009.txt",
    "user" : "admin",
    "state" : "IN_PROGRESS",
    "timestamp" : 1729887003929,
    "annotatorState" : "IN_PROGRESS",
    "annotatorComment" : null,
    "sentence_accessed" : 0,
    "created" : 1729886799434,
    "updated" : 1729887003931
  }, {
    "name" : "data-010.txt",
    "user" : "admin",
    "state" : "IN_PROGRESS",
    "timestamp" : 1729887410844,
    "annotatorState" : "IN_PROGRESS",
    "annotatorComment" : null,
    "sentence_accessed" : 0,
    "created" : 1729887129924,
    "updated" : 1729887410845
  }, {
    "name" : "data-001.txt",
    "user" : "admin",
    "state" : "IN_PROGRESS",
    "timestamp" : 1729888434875,
    "annotatorState" : "IN_PROGRESS",
    "annotatorComment" : null,
    "sentence_accessed" : 0,
    "created" : 1729887699401,
    "updated" : 1729888434877
  } ],
  "project_permissions" : [ {
    "level" : "ADMIN",
    "user" : "admin"
  }, {
    "level" : "CURATOR",
    "user" : "admin"
  }, {
    "level" : "USER",
    "user" : "admin"
  } ],
  "tag_sets" : [ {
    "name" : "Relation labels",
    "description" : "Relation labels",
    "language" : "en",
    "tags" : [ {
      "tag_name" : "Background",
      "tag_description" : null
    }, {
      "tag_name" : "Cause-Effect",
      "tag_description" : null
    }, {
      "tag_name" : "Concession",
      "tag_description" : null
    }, {
      "tag_name" : "Contrast",
      "tag_description" : null
    }, {
      "tag_name" : "Elaboration",
      "tag_description" : null
    }, {
      "tag_name" : "Joint",
      "tag_description" : null
    }, {
      "tag_name" : "Narration",
      "tag_description" : null
    }, {
      "tag_name" : "Restatement",
      "tag_description" : null
    }, {
      "tag_name" : "n",
      "tag_description" : null
    } ],
    "create_tag" : true
  }, {
    "name" : "Span labels",
    "description" : "Span labels",
    "language" : "en",
    "tags" : [ ],
    "create_tag" : true
  } ],
  "layers" : [ {
    "name" : "custom.Relation",
    "features" : [ {
      "name" : "label",
      "tag_set" : {
        "name" : "Relation labels",
        "description" : null,
        "language" : null,
        "tags" : [ ],
        "create_tag" : false
      },
      "uiName" : "Label",
      "type" : "uima.cas.String",
      "enabled" : true,
      "visible" : true,
      "include_in_hover" : false,
      "required" : false,
      "remember" : false,
      "hideUnconstraintFeature" : false,
      "description" : "Relation label",
      "project_name" : "Annotation - Project",
      "multi_value_mode" : "NONE",
      "link_mode" : "NONE",
      "link_type_name" : null,
      "link_type_role_feature_name" : null,
      "link_type_target_feature_name" : null,
      "traits" : null,
      "curatable" : true,
      "rank" : 0
    }, {
      "name" : "Governor",
      "tag_set" : null,
      "uiName" : "Source",
      "type" : "rel-source:custom.Span",
      "enabled" : true,
      "visible" : true,
      "include_in_hover" : false,
      "required" : false,
      "remember" : false,
      "hideUnconstraintFeature" : false,
      "description" : null,
      "project_name" : "Annotation - Project",
      "multi_value_mode" : "NONE",
      "link_mode" : "NONE",
      "link_type_name" : null,
      "link_type_role_feature_name" : null,
      "link_type_target_feature_name" : null,
      "traits" : null,
      "curatable" : true,
      "rank" : 0
    }, {
      "name" : "Dependent",
      "tag_set" : null,
      "uiName" : "Target",
      "type" : "rel-target:custom.Span",
      "enabled" : true,
      "visible" : true,
      "include_in_hover" : false,
      "required" : false,
      "remember" : false,
      "hideUnconstraintFeature" : false,
      "description" : null,
      "project_name" : "Annotation - Project",
      "multi_value_mode" : "NONE",
      "link_mode" : "NONE",
      "link_type_name" : null,
      "link_type_role_feature_name" : null,
      "link_type_target_feature_name" : null,
      "traits" : null,
      "curatable" : true,
      "rank" : 0
    } ],
    "uiName" : "Relation",
    "type" : "relation",
    "description" : null,
    "enabled" : true,
    "built_in" : false,
    "readonly" : false,
    "attach_type" : {
      "name" : "custom.Span"
    },
    "attach_feature" : null,
    "allow_stacking" : false,
    "cross_sentence" : true,
    "show_hover" : true,
    "anchoring_mode" : "TOKENS",
    "overlap_mode" : "OVERLAP_ONLY",
    "validation_mode" : "ALWAYS",
    "lock_to_token_offset" : false,
    "multiple_tokens" : true,
    "project_name" : "Annotation - Project",
    "linked_list_behavior" : false,
    "on_click_javascript_action" : null,
    "traits" : null
  }, {
    "name" : "custom.Span",
    "features" : [ {
      "name" : "label",
      "tag_set" : {
        "name" : "Span labels",
        "description" : null,
        "language" : null,
        "tags" : [ ],
        "create_tag" : false
      },
      "uiName" : "Label",
      "type" : "uima.cas.String",
      "enabled" : true,
      "visible" : true,
      "include_in_hover" : false,
      "required" : false,
      "remember" : false,
      "hideUnconstraintFeature" : false,
      "description" : "Span label",
      "project_name" : "Annotation - Project",
      "multi_value_mode" : "NONE",
      "link_mode" : "NONE",
      "link_type_name" : null,
      "link_type_role_feature_name" : null,
      "link_type_target_feature_name" : null,
      "traits" : null,
      "curatable" : true,
      "rank" : 0
    } ],
    "uiName" : "Span",
    "type" : "span",
    "description" : null,
    "enabled" : true,
    "built_in" : false,
    "readonly" : false,
    "attach_type" : null,
    "attach_feature" : null,
    "allow_stacking" : false,
    "cross_sentence" : true,
    "show_hover" : true,
    "anchoring_mode" : "TOKENS",
    "overlap_mode" : "OVERLAP_ONLY",
    "validation_mode" : "ALWAYS",
    "lock_to_token_offset" : false,
    "multiple_tokens" : true,
    "project_name" : "Annotation - Project",
    "linked_list_behavior" : false,
    "on_click_javascript_action" : null,
    "traits" : null
  }, {
    "name" : "de.tudarmstadt.ukp.dkpro.core.api.segmentation.type.Token",
    "features" : [ ],
    "uiName" : "Token",
    "type" : "span",
    "description" : null,
    "enabled" : false,
    "built_in" : true,
    "readonly" : true,
    "attach_type" : null,
    "attach_feature" : null,
    "allow_stacking" : false,
    "cross_sentence" : false,
    "show_hover" : true,
    "anchoring_mode" : "CHARACTERS",
    "overlap_mode" : "NO_OVERLAP",
    "validation_mode" : "NEVER",
    "lock_to_token_offset" : false,
    "multiple_tokens" : false,
    "project_name" : "Annotation - Project",
    "linked_list_behavior" : false,
    "on_click_javascript_action" : null,
    "traits" : null
  } ],
  "disableExport" : false,
  "script_direction" : "LTR",
  "created" : 1728592196269,
  "updated" : 1729711278025,
  "anonymous_curation" : false,
  "default-preferences" : [ {
    "name" : "annotation/editor",
    "traits" : "{\"defaultEditor\":null,\"preferencesAccessAllowed\":true}"
  }, {
    "name" : "annotation/editor/annotation-sidebar/manager",
    "traits" : "{\"pinnedGroups\":[]}"
  }, {
    "name" : "annotation/editor/brat/manager",
    "traits" : "{\"changingScriptDirectionAllowed\":false,\"defaultPageSize\":10}"
  }, {
    "name" : "annotation/left-sidebar",
    "traits" : "{\"selectedTab\":null,\"expanded\":false}"
  }, {
    "name" : "annotation/search",
    "traits" : "{\"caseSensitive\":true}"
  } ],
  "knowledge_bases" : [ ],
  "external_search" : [ ],
  "curation_workflow" : {
    "id" : 1,
    "project" : {
      "id" : 1,
      "name" : "Annotation - Project",
      "slug" : "admin-1",
      "description" : null,
      "mode" : "annotation",
      "version" : 1,
      "disableExport" : false,
      "scriptDirection" : "LTR",
      "created" : 1728592196269,
      "updated" : 1729711278025,
      "state" : "ANNOTATION_IN_PROGRESS",
      "anonymousCuration" : false
    },
    "mergeStrategy" : "completeAgreementNonStacked",
    "mergeStrategyTraits" : null
  },
  "project_users" : [ ],
  "recommenders" : [ {
    "alwaysSelected" : false,
    "enabled" : true,
    "feature" : "label",
    "layerName" : "custom.Span",
    "maxRecommendations" : 3,
    "name" : "Generic span recommender",
    "skipEvaluation" : false,
    "statesIgnoredForTraining" : [ ],
    "threshold" : 0.0,
    "tool" : "de.tudarmstadt.ukp.inception.recommendation.imls.stringmatch.StringMatchingRecommender",
    "traits" : null
  } ],
  "learning_records" : [ {
    "action" : "ACCEPTED",
    "begin" : 177,
    "begin2" : -1,
    "document_name" : "data-002.txt",
    "end" : 180,
    "end2" : -1,
    "feature" : "label",
    "label" : null,
    "layer_name" : "custom.Span",
    "text" : "NZC",
    "timestamp" : 1729711797164,
    "trigger" : "MAIN_EDITOR",
    "type" : "SPAN",
    "user" : "admin"
  }, {
    "action" : "ACCEPTED",
    "begin" : 177,
    "begin2" : -1,
    "document_name" : "data-002.txt",
    "end" : 180,
    "end2" : -1,
    "feature" : "label",
    "label" : null,
    "layer_name" : "custom.Span",
    "text" : "NZC",
    "timestamp" : 1729711801112,
    "trigger" : "MAIN_EDITOR",
    "type" : "SPAN",
    "user" : "admin"
  }, {
    "action" : "ACCEPTED",
    "begin" : 565,
    "begin2" : -1,
    "document_name" : "data-002.txt",
    "end" : 692,
    "end2" : -1,
    "feature" : "label",
    "label" : null,
    "layer_name" : "custom.Span",
    "text" : "The series wraps up at Hamilton's Seddon Park from Dec. 14-18. The three clashes will form part of the World Test Championship,",
    "timestamp" : 1729712357984,
    "trigger" : "MAIN_EDITOR",
    "type" : "SPAN",
    "user" : "admin"
  }, {
    "action" : "ACCEPTED",
    "begin" : 565,
    "begin2" : -1,
    "document_name" : "data-002.txt",
    "end" : 740,
    "end2" : -1,
    "feature" : "label",
    "label" : null,
    "layer_name" : "custom.Span",
    "text" : "The series wraps up at Hamilton's Seddon Park from Dec. 14-18. The three clashes will form part of the World Test Championship, which New Zealand won in its inaugural edition.",
    "timestamp" : 1729712379452,
    "trigger" : "MAIN_EDITOR",
    "type" : "SPAN",
    "user" : "admin"
  }, {
    "action" : "ACCEPTED",
    "begin" : 599,
    "begin2" : -1,
    "document_name" : "data-002.txt",
    "end" : 627,
    "end2" : -1,
    "feature" : "label",
    "label" : null,
    "layer_name" : "custom.Span",
    "text" : "Seddon Park from Dec. 14-18.",
    "timestamp" : 1729712620755,
    "trigger" : "MAIN_EDITOR",
    "type" : "SPAN",
    "user" : "admin"
  } ],
  "gazeteers" : [ ],
  "workload_manager" : {
    "traits" : null,
    "type" : "matrix"
  },
  "user-preferences" : [ {
    "name" : "client-side/annotation/annotation-browser-sidebar",
    "traits" : "{\"mode\":\"by-label\",\"sortByScore\":true,\"recommendationsFirst\":false}",
    "user" : "admin"
  }, {
    "name" : "annotation/layout",
    "traits" : "{\"sidebarSizeLeft\":20,\"sidebarSizeRight\":20}",
    "user" : "admin"
  }, {
    "name" : "annotation/layers",
    "traits" : "{\"layerColoringStrategy\":{\"3\":\"GRAY\",\"4\":\"STATIC_PASTELLE\",\"5\":\"STATIC_PASTELLE\"},\"readonlyLayerColoringStrategy\":\"LEGACY\",\"hiddenLayers\":[]}",
    "user" : "admin"
  }, {
    "name" : "annotation/left-sidebar",
    "traits" : "{\"selectedTab\":\"annotationBrowserSidebarFactory\",\"expanded\":false}",
    "user" : "admin"
  } ]
}